split,batch_id,seed,count,prompt_file,output_file
development,dev-001,41001,100,prompts/dev-001.txt,outputs/dev-001.jsonl
development,dev-002,41002,100,prompts/dev-002.txt,outputs/dev-002.jsonl
development,dev-003,41003,100,prompts/dev-003.txt,outputs/dev-003.jsonl
development,dev-004,41004,100,prompts/dev-004.txt,outputs/dev-004.jsonl
development,dev-005,41005,100,prompts/dev-005.txt,outputs/dev-005.jsonl
development,dev-006,41006,100,prompts/dev-006.txt,outputs/dev-006.jsonl
development,dev-007,41007,100,prompts/dev-007.txt,outputs/dev-007.jsonl
development,dev-008,41008,100,prompts/dev-008.txt,outputs/dev-008.jsonl
development,dev-009,41009,100,prompts/dev-009.txt,outputs/dev-009.jsonl
development,dev-010,41010,100,prompts/dev-010.txt,outputs/dev-010.jsonl
development,dev-011,41011,100,prompts/dev-011.txt,outputs/dev-011.jsonl
development,dev-012,41012,100,prompts/dev-012.txt,outputs/dev-012.jsonl
development,dev-013,41013,100,prompts/dev-013.txt,outputs/dev-013.jsonl
development,dev-014,41014,100,prompts/dev-014.txt,outputs/dev-014.jsonl
development,dev-015,41015,100,prompts/dev-015.txt,outputs/dev-015.jsonl
development,dev-016,41016,100,prompts/dev-016.txt,outputs/dev-016.jsonl
development,dev-017,41017,100,prompts/dev-017.txt,outputs/dev-017.jsonl
development,dev-018,41018,100,prompts/dev-018.txt,outputs/dev-018.jsonl
development,dev-019,41019,100,prompts/dev-019.txt,outputs/dev-019.jsonl
development,dev-020,41020,100,prompts/dev-020.txt,outputs/dev-020.jsonl
validation,val-001,42001,100,prompts/val-001.txt,outputs/val-001.jsonl
validation,val-002,42002,100,prompts/val-002.txt,outputs/val-002.jsonl
validation,val-003,42003,100,prompts/val-003.txt,outputs/val-003.jsonl
validation,val-004,42004,100,prompts/val-004.txt,outputs/val-004.jsonl
validation,val-005,42005,100,prompts/val-005.txt,outputs/val-005.jsonl
validation,val-006,42006,100,prompts/val-006.txt,outputs/val-006.jsonl
validation,val-007,42007,100,prompts/val-007.txt,outputs/val-007.jsonl
validation,val-008,42008,100,prompts/val-008.txt,outputs/val-008.jsonl
validation,val-009,42009,100,prompts/val-009.txt,outputs/val-009.jsonl
validation,val-010,42010,100,prompts/val-010.txt,outputs/val-010.jsonl
test,test-001,43001,100,prompts/test-001.txt,outputs/test-001.jsonl
test,test-002,43002,100,prompts/test-002.txt,outputs/test-002.jsonl
test,test-003,43003,100,prompts/test-003.txt,outputs/test-003.jsonl
test,test-004,43004,100,prompts/test-004.txt,outputs/test-004.jsonl
test,test-005,43005,100,prompts/test-005.txt,outputs/test-005.jsonl
test,test-006,43006,100,prompts/test-006.txt,outputs/test-006.jsonl
test,test-007,43007,100,prompts/test-007.txt,outputs/test-007.jsonl
test,test-008,43008,100,prompts/test-008.txt,outputs/test-008.jsonl
test,test-009,43009,100,prompts/test-009.txt,outputs/test-009.jsonl
test,test-010,43010,100,prompts/test-010.txt,outputs/test-010.jsonl
test,test-011,43011,100,prompts/test-011.txt,outputs/test-011.jsonl
test,test-012,43012,100,prompts/test-012.txt,outputs/test-012.jsonl
test,test-013,43013,100,prompts/test-013.txt,outputs/test-013.jsonl
test,test-014,43014,100,prompts/test-014.txt,outputs/test-014.jsonl
test,test-015,43015,100,prompts/test-015.txt,outputs/test-015.jsonl
test,test-016,43016,100,prompts/test-016.txt,outputs/test-016.jsonl
test,test-017,43017,100,prompts/test-017.txt,outputs/test-017.jsonl
test,test-018,43018,100,prompts/test-018.txt,outputs/test-018.jsonl
test,test-019,43019,100,prompts/test-019.txt,outputs/test-019.jsonl
test,test-020,43020,100,prompts/test-020.txt,outputs/test-020.jsonl
stress,stress-001,44001,200,prompts/stress-001.txt,outputs/stress-001.jsonl
stress,stress-002,44002,200,prompts/stress-002.txt,outputs/stress-002.jsonl
stress,stress-003,44003,200,prompts/stress-003.txt,outputs/stress-003.jsonl
stress,stress-004,44004,200,prompts/stress-004.txt,outputs/stress-004.jsonl
stress,stress-005,44005,200,prompts/stress-005.txt,outputs/stress-005.jsonl
stress,stress-006,44006,200,prompts/stress-006.txt,outputs/stress-006.jsonl
stress,stress-007,44007,200,prompts/stress-007.txt,outputs/stress-007.jsonl
stress,stress-008,44008,200,prompts/stress-008.txt,outputs/stress-008.jsonl
stress,stress-009,44009,200,prompts/stress-009.txt,outputs/stress-009.jsonl
stress,stress-010,44010,200,prompts/stress-010.txt,outputs/stress-010.jsonl
stress,stress-011,44011,200,prompts/stress-011.txt,outputs/stress-011.jsonl
stress,stress-012,44012,200,prompts/stress-012.txt,outputs/stress-012.jsonl
stress,stress-013,44013,200,prompts/stress-013.txt,outputs/stress-013.jsonl
stress,stress-014,44014,200,prompts/stress-014.txt,outputs/stress-014.jsonl
stress,stress-015,44015,200,prompts/stress-015.txt,outputs/stress-015.jsonl
stress,stress-016,44016,200,prompts/stress-016.txt,outputs/stress-016.jsonl
stress,stress-017,44017,200,prompts/stress-017.txt,outputs/stress-017.jsonl
stress,stress-018,44018,200,prompts/stress-018.txt,outputs/stress-018.jsonl
stress,stress-019,44019,200,prompts/stress-019.txt,outputs/stress-019.jsonl
stress,stress-020,44020,200,prompts/stress-020.txt,outputs/stress-020.jsonl
stress,stress-021,44021,200,prompts/stress-021.txt,outputs/stress-021.jsonl
stress,stress-022,44022,200,prompts/stress-022.txt,outputs/stress-022.jsonl
stress,stress-023,44023,200,prompts/stress-023.txt,outputs/stress-023.jsonl
stress,stress-024,44024,200,prompts/stress-024.txt,outputs/stress-024.jsonl
stress,stress-025,44025,200,prompts/stress-025.txt,outputs/stress-025.jsonl
stress,stress-026,44026,200,prompts/stress-026.txt,outputs/stress-026.jsonl
stress,stress-027,44027,200,prompts/stress-027.txt,outputs/stress-027.jsonl
stress,stress-028,44028,200,prompts/stress-028.txt,outputs/stress-028.jsonl
stress,stress-029,44029,200,prompts/stress-029.txt,outputs/stress-029.jsonl
stress,stress-030,44030,200,prompts/stress-030.txt,outputs/stress-030.jsonl
stress,stress-031,44031,200,prompts/stress-031.txt,outputs/stress-031.jsonl
stress,stress-032,44032,200,prompts/stress-032.txt,outputs/stress-032.jsonl
stress,stress-033,44033,200,prompts/stress-033.txt,outputs/stress-033.jsonl
stress,stress-034,44034,200,prompts/stress-034.txt,outputs/stress-034.jsonl
stress,stress-035,44035,200,prompts/stress-035.txt,outputs/stress-035.jsonl
stress,stress-036,44036,200,prompts/stress-036.txt,outputs/stress-036.jsonl
stress,stress-037,44037,200,prompts/stress-037.txt,outputs/stress-037.jsonl
stress,stress-038,44038,200,prompts/stress-038.txt,outputs/stress-038.jsonl
stress,stress-039,44039,200,prompts/stress-039.txt,outputs/stress-039.jsonl
stress,stress-040,44040,200,prompts/stress-040.txt,outputs/stress-040.jsonl
stress,stress-041,44041,200,prompts/stress-041.txt,outputs/stress-041.jsonl
stress,stress-042,44042,200,prompts/stress-042.txt,outputs/stress-042.jsonl
stress,stress-043,44043,200,prompts/stress-043.txt,outputs/stress-043.jsonl
stress,stress-044,44044,200,prompts/stress-044.txt,outputs/stress-044.jsonl
stress,stress-045,44045,200,prompts/stress-045.txt,outputs/stress-045.jsonl
stress,stress-046,44046,200,prompts/stress-046.txt,outputs/stress-046.jsonl
stress,stress-047,44047,200,prompts/stress-047.txt,outputs/stress-047.jsonl
stress,stress-048,44048,200,prompts/stress-048.txt,outputs/stress-048.jsonl
stress,stress-049,44049,200,prompts/stress-049.txt,outputs/stress-049.jsonl
stress,stress-050,44050,200,prompts/stress-050.txt,outputs/stress-050.jsonl
